{"category": "Housing & Development", "viewLastModified": 1537461064, "oid": 28231624, "name": "Housing New York Units by Building", "publicationStage": "published", "rights": ["read"], "metadata": {"availableDisplayTypes": ["table", "fatrow", "page"], "custom_fields": {"Dataset Information": {"Agency": "Department of Housing Preservation and Development (HPD)"}, "Legislative Compliance": {"Geo-coding Attached?": ""}, "Update": {"Update Frequency": "Quarterly", "Date Made Public": "12/20/2016", "Automation": "No"}}, "rowLabel": "Each record in this dataset is a building.", "rdfSubject": "0", "attachments": [{"assetId": "d5bd01c0-50e4-4635-8a8a-5172eab4e145", "name": "Housing_Production_Open_Data_Documentation.pdf", "filename": "Housing_Production_Open_Data_Documentation.pdf"}], "renderTypeConfig": {"visible": {"table": true}}}, "query": {}, "publicationDate": 1525366174, "provenance": "official", "id": "hg8x-zxpr", "downloadCount": 4832, "flags": ["default", "restorable", "restorePossibleForType"], "publicationAppendEnabled": false, "grants": [{"flags": ["public"], "inherited": false, "type": "viewer"}], "hideFromCatalog": false, "columns": [{"fieldName": "project_id", "width": 220, "tableColumnId": 41431859, "description": "The Project ID is a unique numeric identifier assigned to each project by HPD.", "cachedContents": {"non_null": 3287, "largest": "67427", "null": 0, "top": [{"item": "53017", "count": 20}, {"item": "59857", "count": 19}, {"item": "53157", "count": 18}, {"item": "52756", "count": 17}, {"item": "58513", "count": 16}, {"item": "52733", "count": 15}, {"item": "50404", "count": 14}, {"item": "51177", "count": 13}, {"item": "50207", "count": 12}, {"item": "50248", "count": 11}, {"item": "50196", "count": 10}, {"item": "49722", "count": 9}, {"item": "56106", "count": 8}, {"item": "50481", "count": 7}, {"item": "55697", "count": 6}, {"item": "55773", "count": 5}, {"item": "57341", "count": 4}, {"item": "55647", "count": 3}, {"item": "55759", "count": 2}], "smallest": "44225"}, "id": 350036218, "position": 1, "format": {"displayStyle": "plain", "align": "left"}, "renderTypeName": "text", "dataTypeName": "text", "name": "Project ID"}, {"fieldName": "project_name", "width": 342, "tableColumnId": 41431860, "description": "The Project Name is the name assigned to the project by HPD.", "cachedContents": {"non_null": 3287, "largest": "ZEVRONE REALTY HDFC.HPO.FY18", "null": 0, "top": [{"item": "CONFIDENTIAL", "count": 20}, {"item": "HOPE EAST OF FIFTH HDFC INC.YR15.FY17", "count": 19}, {"item": "Nehemiah Spring Creek Homes at Gateway Estates 4A", "count": 18}, {"item": "CSH", "count": 17}, {"item": "Stuy Town Peter Cooper Village", "count": 16}, {"item": "MHANY 75", "count": 15}, {"item": "Urban Strategies Apts", "count": 14}, {"item": "Genesis Year 15 Resyndication", "count": 13}, {"item": "PACC ABCCD RESYNDICATION", "count": 12}, {"item": "Morrisania Portfolio", "count": 11}, {"item": "Marcus Garvey Apartments (20140295)", "count": 10}, {"item": "HCCI 2", "count": 9}, {"item": "CULVER EL PHASE I", "count": 8}, {"item": "Vannguard", "count": 7}, {"item": "Edgecombe Preservation Reyndication (Phase)", "count": 6}, {"item": "2015 Monterey Avenue LLC aka PRC Monterey", "count": 5}, {"item": "NEP Round 1 Mott Haven", "count": 4}, {"item": "FS Development", "count": 3}, {"item": "TBK902 - Shinda", "count": 2}, {"item": "Promesa Housing Development Fund Corporation", "count": 1}], "smallest": "1007 ATLANTIC AVENUE"}, "id": 350036219, "position": 2, "format": {"displayStyle": "plain", "align": "left"}, "renderTypeName": "text", "dataTypeName": "text", "name": "Project Name"}, {"fieldName": "project_start_date", "width": 238, "tableColumnId": 41431861, "description": "The Project Start Date is the date of the project loan or agreement closing.", "cachedContents": {"non_null": 3287, "largest": "2018-06-29T00:00:00", "null": 0, "top": [{"item": "2017-06-30T00:00:00", "count": 20}, {"item": "2017-06-29T00:00:00", "count": 19}, {"item": "2017-06-26T00:00:00", "count": 18}, {"item": "2016-06-30T00:00:00", "count": 17}, {"item": "2016-06-27T00:00:00", "count": 16}, {"item": "2015-12-30T00:00:00", "count": 15}, {"item": "2015-12-18T00:00:00", "count": 14}, {"item": "2015-10-27T00:00:00", "count": 13}, {"item": "2015-06-30T00:00:00", "count": 12}, {"item": "2015-06-25T00:00:00", "count": 11}, {"item": "2014-12-18T00:00:00", "count": 10}, {"item": "2014-12-16T00:00:00", "count": 9}, {"item": "2014-12-04T00:00:00", "count": 8}, {"item": "2014-09-10T00:00:00", "count": 7}, {"item": "2014-06-30T00:00:00", "count": 6}, {"item": "2014-06-27T00:00:00", "count": 5}, {"item": "2014-06-26T00:00:00", "count": 4}, {"item": "2014-06-24T00:00:00", "count": 3}, {"item": "2014-06-19T00:00:00", "count": 2}, {"item": "2014-06-18T00:00:00", "count": 1}], "smallest": "2014-01-03T00:00:00"}, "id": 350036220, "position": 3, "format": {"view": "date", "align": "left"}, "renderTypeName": "calendar_date", "dataTypeName": "calendar_date", "name": "Project Start Date"}, {"fieldName": "project_completion_date", "width": 235, "tableColumnId": 41431862, "description": "The Project Completion Date is the date that the last building in the project was completed. If the project has not yet completed, then the field is blank.", "cachedContents": {"non_null": 1981, "largest": "2018-08-24T00:00:00", "null": 1306, "top": [{"item": "2018-05-25T00:00:00", "count": 20}, {"item": "2017-10-31T00:00:00", "count": 19}, {"item": "2017-06-26T00:00:00", "count": 18}, {"item": "2017-06-13T00:00:00", "count": 17}, {"item": "2016-06-24T00:00:00", "count": 16}, {"item": "2015-12-18T00:00:00", "count": 15}, {"item": "2017-06-23T00:00:00", "count": 14}, {"item": "2016-12-21T00:00:00", "count": 13}, {"item": "2014-09-10T00:00:00", "count": 12}, {"item": "2014-06-27T00:00:00", "count": 11}, {"item": "2016-03-01T00:00:00", "count": 10}, {"item": "2014-06-25T00:00:00", "count": 9}, {"item": "2016-01-20T00:00:00", "count": 8}, {"item": "2014-03-31T00:00:00", "count": 7}, {"item": "2014-03-11T00:00:00", "count": 6}, {"item": "2014-03-10T00:00:00", "count": 5}, {"item": "2014-03-07T00:00:00", "count": 4}, {"item": "2014-02-28T00:00:00", "count": 3}, {"item": "2014-02-25T00:00:00", "count": 2}, {"item": "2014-02-11T00:00:00", "count": 1}], "smallest": "2014-01-03T00:00:00"}, "id": 350036221, "position": 4, "format": {"view": "date", "align": "left"}, "renderTypeName": "calendar_date", "dataTypeName": "calendar_date", "name": "Project Completion Date"}, {"fieldName": "building_id", "width": 232, "tableColumnId": 41431863, "description": "The Building ID is a unique numeric identifier assigned to each building by HPD.", "cachedContents": {"non_null": 2490, "largest": "985864", "null": 797, "sum": "1257678096", "average": "505091.6048192771", "top": [{"item": "77578", "count": 20}, {"item": "6628", "count": 19}, {"item": "11742", "count": 18}, {"item": "952671", "count": 17}, {"item": "25197", "count": 16}, {"item": "25198", "count": 15}, {"item": "25199", "count": 14}, {"item": "935095", "count": 13}, {"item": "954108", "count": 12}, {"item": "948016", "count": 11}, {"item": "60640", "count": 10}, {"item": "109771", "count": 9}, {"item": "949027", "count": 8}, {"item": "43765", "count": 7}, {"item": "208382", "count": 6}, {"item": "950543", "count": 5}, {"item": "953043", "count": 4}, {"item": "927161", "count": 3}, {"item": "940294", "count": 2}, {"item": "950310", "count": 1}], "smallest": "375"}, "id": 350036222, "position": 5, "format": {"precisionStyle": "standard", "align": "right", "noCommas": "true"}, "renderTypeName": "number", "dataTypeName": "number", "name": "Building ID"}, {"fieldName": "house_number", "width": 244, "tableColumnId": 41431864, "description": "The House Number is the street number in the building\u2019s address. E.g., the house number is \u2018100\u2019 in \u2018100 Gold Street.\u2019", "cachedContents": {"non_null": 3287, "largest": "997", "null": 0, "top": [{"item": "----", "count": 20}, {"item": "2431", "count": 19}, {"item": "2404", "count": 18}, {"item": "2476", "count": 17}, {"item": "2412", "count": 16}, {"item": "2416", "count": 15}, {"item": "74", "count": 14}, {"item": "491", "count": 13}, {"item": "494", "count": 12}, {"item": "481", "count": 11}], "smallest": "----"}, "id": 350036223, "position": 6, "format": {"displayStyle": "plain", "align": "left"}, "renderTypeName": "text", "dataTypeName": "text", "name": "Number"}, {"fieldName": "street_name", "width": 232, "tableColumnId": 41431865, "description": "The Street Name is the name of the street in the building\u2019s address. E.g., the street name is \u2018Gold Street\u2019 in \u2018100 Gold Street.\u2019", "cachedContents": {"non_null": 3287, "largest": "YORK AVENUE", "null": 0, "top": [{"item": "----", "count": 20}, {"item": "SCHROEDERS AVENUE", "count": 19}, {"item": "WEST 140 STREET", "count": 18}, {"item": "FULTON STREET", "count": 17}, {"item": "BRISTOL STREET", "count": 16}, {"item": "CHESTER STREET", "count": 15}, {"item": "37 STREET", "count": 14}, {"item": "MALCOLM X BOULEVARD", "count": 13}, {"item": "EDGECOMBE AVENUE", "count": 12}, {"item": "EAST 140 STREET", "count": 11}, {"item": "EUCLID AVENUE", "count": 10}, {"item": "PITKIN AVENUE", "count": 9}, {"item": "DOSCHER STREET", "count": 8}, {"item": "WEBSTER AVENUE", "count": 7}, {"item": "NELSON STREET", "count": 6}, {"item": "3 AVENUE", "count": 5}, {"item": "MANHATTAN AVENUE", "count": 4}, {"item": "ORIENT AVENUE", "count": 3}, {"item": "CROTONA AVENUE", "count": 2}, {"item": "SHEFFIELD AVE", "count": 1}], "smallest": "----"}, "id": 350036224, "position": 7, "format": {"displayStyle": "plain", "align": "left"}, "renderTypeName": "text", "dataTypeName": "text", "name": "Street"}, {"fieldName": "borough", "width": 184, "tableColumnId": 41431866, "description": "The Borough is the borough where the building is located.", "cachedContents": {"non_null": 3287, "largest": "Staten Island", "null": 0, "top": [{"item": "Manhattan", "count": 20}, {"item": "Brooklyn", "count": 19}, {"item": "Queens", "count": 18}, {"item": "Bronx", "count": 17}, {"item": "Staten Island", "count": 16}], "smallest": "Bronx"}, "id": 350036225, "position": 8, "format": {"displayStyle": "plain", "align": "left"}, "renderTypeName": "text", "dataTypeName": "text", "name": "Borough"}, {"fieldName": "postcode", "width": 100, "tableColumnId": 52878294, "description": "Zip code", "cachedContents": {"non_null": 2400, "largest": "11693", "null": 887, "sum": "25825200", "average": "10760.5", "top": [{"item": "11206", "count": 20}, {"item": "10453", "count": 19}, {"item": "10459", "count": 18}, {"item": "10457", "count": 17}, {"item": "10029", "count": 16}, {"item": "11207", "count": 15}, {"item": "11239", "count": 14}, {"item": "11216", "count": 13}, {"item": "11238", "count": 12}, {"item": "10456", "count": 11}, {"item": "10009", "count": 10}, {"item": "11233", "count": 9}, {"item": "10035", "count": 8}, {"item": "11220", "count": 7}, {"item": "11212", "count": 6}, {"item": "10452", "count": 5}, {"item": "10027", "count": 4}, {"item": "11221", "count": 3}, {"item": "10037", "count": 2}, {"item": "11208", "count": 1}], "smallest": "10001"}, "id": 350036226, "position": 9, "format": {"precisionStyle": "standard", "align": "right", "noCommas": "true"}, "renderTypeName": "number", "dataTypeName": "number", "name": "Postcode"}, {"fieldName": "bbl", "width": 136, "tableColumnId": 41431867, "description": "The BBL (Borough, Block, and Lot) is a unique identifier for each tax lot in the City.", "cachedContents": {"non_null": 2451, "largest": "5031570001", "null": 836, "sum": "5921745411275", "average": "2416052799.377805", "top": [{"item": "1009720001", "count": 20}, {"item": "3035730001", "count": 19}, {"item": "3035870001", "count": 18}, {"item": "3042130016", "count": 17}, {"item": "3042130001", "count": 16}, {"item": "3003730046", "count": 15}, {"item": "3005260020", "count": 14}, {"item": "3017780049", "count": 13}, {"item": "2029550044", "count": 12}, {"item": "1003790032", "count": 11}, {"item": "1003930022", "count": 10}, {"item": "2033577501", "count": 9}, {"item": "1018430014", "count": 8}, {"item": "1018430015", "count": 7}, {"item": "1018430016", "count": 6}, {"item": "1022380033", "count": 5}, {"item": "4008110001", "count": 4}, {"item": "3020337502", "count": 3}, {"item": "2026950040", "count": 2}, {"item": "2027230029", "count": 1}], "smallest": "0"}, "id": 350036227, "position": 10, "format": {"precisionStyle": "standard", "align": "right", "noCommas": "true"}, "renderTypeName": "number", "dataTypeName": "number", "name": "BBL"}, {"fieldName": "bin", "width": 136, "tableColumnId": 41431868, "description": "The BIN (Building Identification Number) is a unique identifier for each building in the City.", "cachedContents": {"non_null": 2194, "largest": "5170228", "null": 1093, "sum": "5464629135", "average": "2490715.193710119", "top": [{"item": "4616405", "count": 20}, {"item": "3398205", "count": 19}, {"item": "2005336", "count": 18}, {"item": "2005762", "count": 17}, {"item": "1084666", "count": 16}, {"item": "1064521", "count": 15}, {"item": "3425042", "count": 14}, {"item": "3070239", "count": 13}, {"item": "3070238", "count": 12}, {"item": "4030453", "count": 11}, {"item": "2128607", "count": 10}, {"item": "2012218", "count": 9}, {"item": "2092313", "count": 8}, {"item": "2012230", "count": 7}, {"item": "2092314", "count": 6}, {"item": "2092315", "count": 5}, {"item": "1055508", "count": 4}, {"item": "3413699", "count": 3}, {"item": "3421640", "count": 2}, {"item": "3418179", "count": 1}], "smallest": "1004133"}, "id": 350036228, "position": 11, "format": {"precisionStyle": "standard", "align": "right", "noCommas": "true"}, "renderTypeName": "number", "dataTypeName": "number", "name": "BIN"}, {"fieldName": "community_board", "width": 100, "tableColumnId": 60408652, "description": "The Community Board field indicates the New York City Community District where the building is located.", "cachedContents": {"non_null": 3287, "largest": "SI-03", "null": 0, "top": [{"item": "MN-10", "count": 20}, {"item": "BK-01", "count": 19}, {"item": "QN-12", "count": 18}, {"item": "BX-09", "count": 17}, {"item": "BX-05", "count": 16}, {"item": "BX-02", "count": 15}, {"item": "BX-03", "count": 14}, {"item": "MN-03", "count": 13}, {"item": "QN-13", "count": 12}, {"item": "SI-01", "count": 11}, {"item": "BK-17", "count": 10}, {"item": "BK-16", "count": 9}, {"item": "BK-08", "count": 8}, {"item": "BK-05", "count": 7}, {"item": "BX-04", "count": 6}, {"item": "BX-01", "count": 5}, {"item": "BK-03", "count": 4}, {"item": "MN-11", "count": 3}, {"item": "BK-04", "count": 2}, {"item": "BK-02", "count": 1}], "smallest": "BK-01"}, "id": 350036229, "position": 12, "format": {}, "renderTypeName": "text", "dataTypeName": "text", "name": "Community Board"}, {"fieldName": "council_district", "width": 292, "tableColumnId": 41431870, "description": "The Council District indicates the New York City Council District where the building is located.", "cachedContents": {"non_null": 3287, "largest": "51", "null": 0, "sum": "88900", "average": "27.04593854578643", "top": [{"item": "9", "count": 20}, {"item": "7", "count": 19}, {"item": "34", "count": 18}, {"item": "27", "count": 17}, {"item": "17", "count": 16}, {"item": "14", "count": 15}, {"item": "8", "count": 14}, {"item": "31", "count": 13}, {"item": "2", "count": 12}, {"item": "49", "count": 11}, {"item": "41", "count": 10}, {"item": "35", "count": 9}, {"item": "18", "count": 8}, {"item": "12", "count": 7}, {"item": "46", "count": 6}, {"item": "36", "count": 5}, {"item": "37", "count": 4}, {"item": "16", "count": 3}, {"item": "33", "count": 2}, {"item": "28", "count": 1}], "smallest": "1"}, "id": 350036230, "position": 13, "format": {"precisionStyle": "standard", "align": "right", "noCommas": "false"}, "renderTypeName": "number", "dataTypeName": "number", "name": "Council District"}, {"fieldName": "census_tract", "width": 100, "tableColumnId": 41437072, "description": "The Census Tract indicates the 2010 U.S. Census Tract where the building is located.", "cachedContents": {"non_null": 2400, "largest": "992", "null": 887, "top": [{"item": "44", "count": 20}, {"item": "230", "count": 19}, {"item": "227", "count": 18}, {"item": "924", "count": 17}, {"item": "916", "count": 16}, {"item": "226", "count": 15}, {"item": "39", "count": 14}, {"item": "1196", "count": 13}, {"item": "305", "count": 12}, {"item": "307", "count": 11}, {"item": "1152", "count": 10}, {"item": "38302", "count": 9}, {"item": "65", "count": 8}, {"item": "59", "count": 7}, {"item": "28", "count": 6}, {"item": "193", "count": 5}, {"item": "309", "count": 4}, {"item": "477", "count": 3}, {"item": "389", "count": 2}, {"item": "393", "count": 1}], "smallest": "1"}, "id": 350036231, "position": 14, "format": {}, "renderTypeName": "text", "dataTypeName": "text", "name": "Census Tract"}, {"fieldName": "neighborhood_tabulation_area", "width": 100, "tableColumnId": 41437095, "description": "The Neighborhood Tabulation Area indicates the New York City Neighborhood Tabulation Area where the building is located.", "cachedContents": {"non_null": 2400, "largest": "SI37", "null": 887, "top": [{"item": "MN28", "count": 20}, {"item": "BK82", "count": 19}, {"item": "BK61", "count": 18}, {"item": "BX39", "count": 17}, {"item": "MN33", "count": 16}, {"item": "BK93", "count": 15}, {"item": "BX35", "count": 14}, {"item": "QN08", "count": 13}, {"item": "BK75", "count": 12}, {"item": "MN34", "count": 11}, {"item": "BK81", "count": 10}, {"item": "MN11", "count": 9}, {"item": "BK35", "count": 8}, {"item": "BK78", "count": 7}, {"item": "MN03", "count": 6}, {"item": "BK79", "count": 5}, {"item": "MN50", "count": 4}, {"item": "BK85", "count": 3}, {"item": "BX27", "count": 2}, {"item": "BX17", "count": 1}], "smallest": "BK09"}, "id": 350036232, "position": 15, "format": {"displayStyle": "plain", "align": "left"}, "renderTypeName": "text", "dataTypeName": "text", "name": "NTA - Neighborhood Tabulation Area"}, {"fieldName": "latitude", "width": 196, "tableColumnId": 41431871, "description": "The Latitude and Longitude specify the location of the property on the earth\u2019s surface. The coordinates provided are an estimate of the location based on the street segment and address range.", "cachedContents": {"non_null": 2400, "largest": "40.904171", "null": 887, "sum": "97773.69561849", "average": "40.7390398410375", "top": [{"item": "40.777568", "count": 20}, {"item": "40.69746", "count": 19}, {"item": "40.817376", "count": 18}, {"item": "40.820288", "count": 17}, {"item": "40.739566", "count": 16}, {"item": "40.875121", "count": 15}, {"item": "40.675101", "count": 14}, {"item": "40.715159", "count": 13}, {"item": "40.715173", "count": 12}, {"item": "40.668453", "count": 11}, {"item": "40.746437", "count": 10}, {"item": "40.811296", "count": 9}, {"item": "40.855396", "count": 8}, {"item": "40.854315", "count": 7}, {"item": "40.85693", "count": 6}, {"item": "40.854475", "count": 5}, {"item": "40.854554", "count": 4}, {"item": "40.798269", "count": 3}, {"item": "40.664986", "count": 2}, {"item": "40.664945", "count": 1}], "smallest": "40.573144"}, "id": 350036233, "position": 16, "format": {"precisionStyle": "standard", "align": "right", "noCommas": "false"}, "renderTypeName": "number", "dataTypeName": "number", "name": "Latitude"}, {"fieldName": "longitude", "width": 208, "tableColumnId": 41431872, "description": "The Latitude and Longitude specify the location of the property on the earth\u2019s surface. The coordinates provided are an estimate of the location based on the street segment and address range.", "cachedContents": {"non_null": 2400, "largest": "-73.730624", "null": 887, "sum": "-177414.42768390000001", "average": "-73.92267820162500", "top": [{"item": "-73.901635", "count": 20}, {"item": "-73.97071", "count": 19}, {"item": "-73.900098", "count": 18}, {"item": "-73.893432", "count": 17}, {"item": "-73.977039", "count": 16}, {"item": "-73.912461", "count": 15}, {"item": "-73.931827", "count": 14}, {"item": "-73.939578", "count": 13}, {"item": "-73.939531", "count": 12}, {"item": "-73.990289", "count": 11}, {"item": "-73.892251", "count": 10}, {"item": "-73.9054", "count": 9}, {"item": "-73.885752", "count": 8}, {"item": "-73.883411", "count": 7}, {"item": "-73.885398", "count": 6}, {"item": "-73.883331", "count": 5}, {"item": "-73.883291", "count": 4}, {"item": "-73.962676", "count": 3}, {"item": "-73.8951", "count": 2}, {"item": "-73.895111", "count": 1}], "smallest": "-74.171232"}, "id": 350036234, "position": 17, "format": {"precisionStyle": "standard", "align": "right", "noCommas": "false"}, "renderTypeName": "number", "dataTypeName": "number", "name": "Longitude"}, {"fieldName": "latitude_internal", "width": 328, "tableColumnId": 41431873, "description": "The Latitude (Internal) and Longitude (Internal) specify the location of the property on the earth\u2019s surface. The coordinates provided are of the internal centroid derived from the tax lot.", "cachedContents": {"non_null": 2427, "largest": "40.90397", "null": 860, "sum": "98866.74266", "average": "40.73619392665843", "top": [{"item": "40.73172", "count": 20}, {"item": "40.66291", "count": 19}, {"item": "40.66131", "count": 18}, {"item": "40.67574", "count": 17}, {"item": "40.67631", "count": 16}, {"item": "40.67817", "count": 15}, {"item": "40.67753", "count": 14}, {"item": "40.8117", "count": 13}, {"item": "40.8556", "count": 12}, {"item": "40.85431", "count": 11}, {"item": "40.85667", "count": 10}, {"item": "40.79815", "count": 9}, {"item": "40.66492", "count": 8}, {"item": "40.6648", "count": 7}, {"item": "40.66418", "count": 6}, {"item": "40.66402", "count": 5}], "smallest": "40.57371"}, "id": 350036235, "position": 18, "format": {"precisionStyle": "standard", "align": "right", "noCommas": "false"}, "renderTypeName": "number", "dataTypeName": "number", "name": "Latitude (Internal)"}, {"fieldName": "longitude_internal", "width": 340, "tableColumnId": 41431874, "description": "The Latitude (Internal) and Longitude (Internal) specify the location of the property on the earth\u2019s surface. The coordinates provided are of the internal centroid derived from the tax lot.", "cachedContents": {"non_null": 2427, "largest": "-73.729709", "null": 860, "sum": "-179406.21118600000001", "average": "-73.92097700288422", "top": [{"item": "-73.977896", "count": 20}, {"item": "-73.91128", "count": 19}, {"item": "-73.91077", "count": 18}, {"item": "-73.8724", "count": 17}, {"item": "-73.872391", "count": 16}, {"item": "-74.001377", "count": 15}, {"item": "-74.003241", "count": 14}, {"item": "-73.905338", "count": 13}, {"item": "-73.885853", "count": 12}, {"item": "-73.883158", "count": 11}, {"item": "-73.885139", "count": 10}, {"item": "-73.962997", "count": 9}, {"item": "-73.894805", "count": 8}, {"item": "-73.895511", "count": 7}, {"item": "-73.89633", "count": 6}, {"item": "-73.897445", "count": 5}], "smallest": "-74.170235"}, "id": 350036236, "position": 19, "format": {"precisionStyle": "standard", "align": "right", "noCommas": "false"}, "renderTypeName": "number", "dataTypeName": "number", "name": "Longitude (Internal)"}, {"fieldName": "building_completion_date", "width": 388, "tableColumnId": 41431875, "description": "The Building Completion Date is the date the building was completed. The field is blank if the building has not completed.", "cachedContents": {"non_null": 2204, "largest": "2018-08-31T00:00:00", "null": 1083, "top": [{"item": "2018-05-25T00:00:00", "count": 20}, {"item": "2017-06-26T00:00:00", "count": 19}, {"item": "2015-12-18T00:00:00", "count": 18}, {"item": "2017-12-31T00:00:00", "count": 17}, {"item": "2016-12-21T00:00:00", "count": 16}, {"item": "2014-09-10T00:00:00", "count": 15}, {"item": "2014-06-27T00:00:00", "count": 14}, {"item": "2014-06-25T00:00:00", "count": 13}, {"item": "2014-03-10T00:00:00", "count": 12}, {"item": "2014-03-07T00:00:00", "count": 11}, {"item": "2014-02-28T00:00:00", "count": 10}, {"item": "2014-02-25T00:00:00", "count": 9}, {"item": "2014-02-11T00:00:00", "count": 8}, {"item": "2014-02-06T00:00:00", "count": 7}, {"item": "2014-01-30T00:00:00", "count": 6}, {"item": "2014-01-28T00:00:00", "count": 5}, {"item": "2015-04-13T00:00:00", "count": 4}, {"item": "2014-01-22T00:00:00", "count": 3}, {"item": "2014-01-21T00:00:00", "count": 2}, {"item": "2014-01-17T00:00:00", "count": 1}], "smallest": "2014-01-03T00:00:00"}, "id": 350036238, "position": 20, "format": {"view": "date", "align": "left"}, "renderTypeName": "calendar_date", "dataTypeName": "calendar_date", "name": "Building Completion Date"}, {"fieldName": "reporting_construction_type", "width": 424, "tableColumnId": 41431876, "description": "The Reporting Construction Type field indicates whether the building is categorized as \u2018new construction\u2019 or \u2018preservation\u2019 in Housing New York statistics. Note that some preservation projects included here may not actually involve construction, because they extend the project\u2019s regulatory restrictions but do not require rehabilitation.", "cachedContents": {"non_null": 3287, "largest": "Preservation", "null": 0, "top": [{"item": "New Construction", "count": 20}, {"item": "Preservation", "count": 19}], "smallest": "New Construction"}, "id": 350036240, "position": 21, "format": {"displayStyle": "plain", "align": "left"}, "renderTypeName": "text", "dataTypeName": "text", "name": "Reporting Construction Type"}, {"fieldName": "extended_affordability_status", "width": 448, "tableColumnId": 41431877, "description": "The Extended Affordability Only field indicates whether the project is considered to be Extended Affordability. An extended affordability project involves no construction, but secures an extended or new regulatory agreement. All extended affordability projects have a \u2018reporting construction type\u2019 of \u2018preservation.\u2019", "cachedContents": {"non_null": 3287, "largest": "Yes", "null": 0, "top": [{"item": "No", "count": 20}, {"item": "Yes", "count": 19}], "smallest": "No"}, "id": 350036242, "position": 22, "format": {"displayStyle": "plain", "align": "left"}, "renderTypeName": "text", "dataTypeName": "text", "name": "Extended Affordability Only"}, {"fieldName": "prevailing_wage_status", "width": 364, "tableColumnId": 41431878, "description": "The Prevailing Wage Status field indicates whether the project is subject to prevailing wage requirements, such as Davis Bacon.", "cachedContents": {"non_null": 3287, "largest": "Prevailing Wage", "null": 0, "top": [{"item": "Non Prevailing Wage", "count": 20}, {"item": "Prevailing Wage", "count": 19}], "smallest": "Non Prevailing Wage"}, "id": 350036244, "position": 23, "format": {"displayStyle": "plain", "align": "left"}, "renderTypeName": "text", "dataTypeName": "text", "name": "Prevailing Wage Status"}, {"fieldName": "extremely_low_income_units", "width": 412, "tableColumnId": 41431879, "description": "Extremely Low Income Units are units with rents that are affordable to households earning 0 to 30% of the area median income (AMI).", "cachedContents": {"non_null": 3287, "largest": "429", "null": 0, "sum": "17770", "average": "5.406145421356860", "top": [{"item": "0", "count": 20}, {"item": "4", "count": 19}, {"item": "1", "count": 18}, {"item": "2", "count": 17}, {"item": "5", "count": 16}, {"item": "15", "count": 15}, {"item": "16", "count": 14}, {"item": "8", "count": 13}, {"item": "6", "count": 12}, {"item": "3", "count": 11}, {"item": "7", "count": 10}, {"item": "10", "count": 9}, {"item": "50", "count": 8}, {"item": "135", "count": 7}, {"item": "34", "count": 6}, {"item": "11", "count": 5}, {"item": "51", "count": 4}, {"item": "9", "count": 3}, {"item": "20", "count": 2}, {"item": "41", "count": 1}], "smallest": "0"}, "id": 350036246, "position": 24, "format": {"precisionStyle": "standard", "align": "right", "noCommas": "false"}, "renderTypeName": "number", "dataTypeName": "number", "name": "Extremely Low Income Units"}, {"fieldName": "very_low_income_units", "width": 280, "tableColumnId": 41431880, "description": "Very Low Income Units are units with rents that are affordable to households earning 31 to 50% of the area median income (AMI).", "cachedContents": {"non_null": 3287, "largest": "281", "null": 0, "sum": "25443", "average": "7.740492850623669", "top": [{"item": "3", "count": 20}, {"item": "11", "count": 19}, {"item": "7", "count": 18}, {"item": "5", "count": 17}, {"item": "4", "count": 16}, {"item": "6", "count": 15}, {"item": "8", "count": 14}, {"item": "0", "count": 13}, {"item": "2", "count": 12}, {"item": "1", "count": 11}, {"item": "10", "count": 10}, {"item": "80", "count": 9}, {"item": "51", "count": 8}, {"item": "15", "count": 7}, {"item": "17", "count": 6}, {"item": "16", "count": 5}, {"item": "12", "count": 4}, {"item": "9", "count": 3}, {"item": "14", "count": 2}, {"item": "13", "count": 1}], "smallest": "0"}, "id": 350036247, "position": 25, "format": {"precisionStyle": "standard", "align": "right", "noCommas": "false"}, "renderTypeName": "number", "dataTypeName": "number", "name": "Very Low Income Units"}, {"fieldName": "low_income_units", "width": 292, "tableColumnId": 41431881, "description": "Low Income Units are units with rents that are affordable to households earning 51 to 80% of the area median income (AMI).", "cachedContents": {"non_null": 3287, "largest": "536", "null": 0, "sum": "49009", "average": "14.90994828110739", "top": [{"item": "1", "count": 20}, {"item": "3", "count": 19}, {"item": "2", "count": 18}, {"item": "4", "count": 17}, {"item": "16", "count": 16}, {"item": "12", "count": 15}, {"item": "0", "count": 14}, {"item": "8", "count": 13}, {"item": "9", "count": 12}, {"item": "6", "count": 11}, {"item": "5", "count": 10}, {"item": "24", "count": 9}, {"item": "10", "count": 8}, {"item": "7", "count": 7}, {"item": "11", "count": 6}, {"item": "15", "count": 5}, {"item": "14", "count": 4}, {"item": "18", "count": 3}, {"item": "19", "count": 2}, {"item": "27", "count": 1}], "smallest": "0"}, "id": 350036249, "position": 26, "format": {"precisionStyle": "standard", "align": "right", "noCommas": "false"}, "renderTypeName": "number", "dataTypeName": "number", "name": "Low Income Units"}, {"fieldName": "moderate_income_units", "width": 280, "tableColumnId": 41431882, "description": "Moderate Income Units are units with rents that are affordable to households earning 81 to 120% of the area median income (AMI).", "cachedContents": {"non_null": 3287, "largest": "454", "null": 0, "sum": "6653", "average": "2.024034073623365", "top": [{"item": "0", "count": 20}, {"item": "1", "count": 19}, {"item": "4", "count": 18}, {"item": "6", "count": 17}, {"item": "2", "count": 16}, {"item": "3", "count": 15}, {"item": "25", "count": 14}, {"item": "24", "count": 13}, {"item": "12", "count": 12}, {"item": "5", "count": 11}, {"item": "69", "count": 10}, {"item": "17", "count": 9}, {"item": "19", "count": 8}, {"item": "9", "count": 7}, {"item": "11", "count": 6}, {"item": "18", "count": 5}, {"item": "358", "count": 4}, {"item": "15", "count": 3}, {"item": "26", "count": 2}, {"item": "297", "count": 1}], "smallest": "0"}, "id": 350036251, "position": 27, "format": {"precisionStyle": "standard", "align": "right", "noCommas": "false"}, "renderTypeName": "number", "dataTypeName": "number", "name": "Moderate Income Units"}, {"fieldName": "middle_income_units", "width": 256, "tableColumnId": 41431883, "description": "Middle Income Units are units with rents that are affordable to households earning 121 to 165% of the area median income (AMI).", "cachedContents": {"non_null": 3287, "largest": "448", "null": 0, "sum": "10357", "average": "3.150897474901126", "top": [{"item": "0", "count": 20}, {"item": "4", "count": 19}, {"item": "5", "count": 18}, {"item": "1", "count": 17}, {"item": "3", "count": 16}, {"item": "6", "count": 15}, {"item": "7", "count": 14}, {"item": "9", "count": 13}, {"item": "2", "count": 12}, {"item": "8", "count": 11}, {"item": "27", "count": 10}, {"item": "39", "count": 9}, {"item": "72", "count": 8}, {"item": "126", "count": 7}, {"item": "73", "count": 6}, {"item": "47", "count": 5}, {"item": "35", "count": 4}, {"item": "36", "count": 3}, {"item": "84", "count": 2}, {"item": "20", "count": 1}], "smallest": "0"}, "id": 350036253, "position": 28, "format": {"precisionStyle": "standard", "align": "right", "noCommas": "false"}, "renderTypeName": "number", "dataTypeName": "number", "name": "Middle Income Units"}, {"fieldName": "other_income_units", "width": 160, "tableColumnId": 41431885, "description": "Other Units are units reserved for building superintendents.", "cachedContents": {"non_null": 3287, "largest": "2", "null": 0, "sum": "540", "average": "0.1642835412229997", "top": [{"item": "1", "count": 20}, {"item": "0", "count": 19}, {"item": "2", "count": 18}], "smallest": "0"}, "id": 350036256, "position": 29, "format": {"precisionStyle": "standard", "align": "right", "noCommas": "false"}, "renderTypeName": "number", "dataTypeName": "number", "name": "Other Income Units"}, {"fieldName": "studio_units", "width": 100, "tableColumnId": 60408404, "description": "Studio Units are units with 0-bedrooms.", "cachedContents": {"non_null": 3287, "largest": "569", "null": 0, "sum": "15965", "average": "4.857012473379982", "top": [{"item": "0", "count": 20}, {"item": "11", "count": 19}, {"item": "1", "count": 18}, {"item": "6", "count": 17}, {"item": "8", "count": 16}, {"item": "5", "count": 15}, {"item": "4", "count": 14}, {"item": "2", "count": 13}, {"item": "3", "count": 12}, {"item": "14", "count": 11}, {"item": "7", "count": 10}, {"item": "12", "count": 9}, {"item": "16", "count": 8}, {"item": "15", "count": 7}, {"item": "23", "count": 6}, {"item": "10", "count": 5}, {"item": "22", "count": 4}, {"item": "31", "count": 3}, {"item": "24", "count": 2}, {"item": "70", "count": 1}], "smallest": "0"}, "id": 350036258, "position": 30, "format": {"displayStyle": "plain", "align": "left"}, "renderTypeName": "number", "dataTypeName": "number", "name": "Studio Units"}, {"fieldName": "_1_br_units", "width": 100, "tableColumnId": 60408429, "description": "1-BR Units are units with 1-bedroom.", "cachedContents": {"non_null": 3287, "largest": "312", "null": 0, "sum": "37330", "average": "11.35686035898996", "top": [{"item": "0", "count": 20}, {"item": "1", "count": 19}, {"item": "7", "count": 18}, {"item": "2", "count": 17}, {"item": "6", "count": 16}, {"item": "5", "count": 15}, {"item": "4", "count": 14}, {"item": "8", "count": 13}, {"item": "19", "count": 12}, {"item": "9", "count": 11}, {"item": "10", "count": 10}, {"item": "3", "count": 9}, {"item": "51", "count": 8}, {"item": "12", "count": 7}, {"item": "24", "count": 6}, {"item": "26", "count": 5}, {"item": "25", "count": 4}, {"item": "11", "count": 3}, {"item": "16", "count": 2}, {"item": "14", "count": 1}], "smallest": "0"}, "id": 350036260, "position": 31, "format": {}, "renderTypeName": "number", "dataTypeName": "number", "name": "1-BR Units"}, {"fieldName": "_2_br_units", "width": 100, "tableColumnId": 60408431, "description": "2-BR Units are units with 2-bedrooms.", "cachedContents": {"non_null": 3287, "largest": "305", "null": 0, "sum": "38611", "average": "11.74657742622452", "top": [{"item": "0", "count": 20}, {"item": "10", "count": 19}, {"item": "4", "count": 18}, {"item": "11", "count": 17}, {"item": "13", "count": 16}, {"item": "6", "count": 15}, {"item": "1", "count": 14}, {"item": "12", "count": 13}, {"item": "7", "count": 12}, {"item": "2", "count": 11}, {"item": "3", "count": 10}, {"item": "15", "count": 9}, {"item": "5", "count": 8}, {"item": "8", "count": 7}, {"item": "17", "count": 6}, {"item": "9", "count": 5}, {"item": "16", "count": 4}, {"item": "14", "count": 3}, {"item": "18", "count": 2}, {"item": "34", "count": 1}], "smallest": "0"}, "id": 350036263, "position": 32, "format": {}, "renderTypeName": "number", "dataTypeName": "number", "name": "2-BR Units"}, {"fieldName": "_3_br_units", "width": 100, "tableColumnId": 60408432, "description": "3-BR Units are units with 3-bedrooms.", "cachedContents": {"non_null": 3287, "largest": "193", "null": 0, "sum": "13363", "average": "4.065409187709157", "top": [{"item": "6", "count": 20}, {"item": "5", "count": 19}, {"item": "0", "count": 18}, {"item": "12", "count": 17}, {"item": "35", "count": 16}, {"item": "23", "count": 15}, {"item": "36", "count": 14}, {"item": "10", "count": 13}, {"item": "20", "count": 12}, {"item": "13", "count": 11}, {"item": "1", "count": 10}, {"item": "4", "count": 9}, {"item": "8", "count": 8}, {"item": "11", "count": 7}, {"item": "2", "count": 6}, {"item": "3", "count": 5}, {"item": "9", "count": 4}, {"item": "16", "count": 3}, {"item": "7", "count": 2}, {"item": "17", "count": 1}], "smallest": "0"}, "id": 350036265, "position": 33, "format": {}, "renderTypeName": "number", "dataTypeName": "number", "name": "3-BR Units"}, {"fieldName": "_4_br_units", "width": 100, "tableColumnId": 60408433, "description": "4-BR Units are units with 4-bedrooms.", "cachedContents": {"non_null": 3287, "largest": "52", "null": 0, "sum": "1424", "average": "0.4332217827806510", "top": [{"item": "0", "count": 20}, {"item": "5", "count": 19}, {"item": "10", "count": 18}, {"item": "1", "count": 17}, {"item": "9", "count": 16}, {"item": "4", "count": 15}, {"item": "6", "count": 14}, {"item": "2", "count": 13}, {"item": "16", "count": 12}, {"item": "15", "count": 11}, {"item": "11", "count": 10}, {"item": "3", "count": 9}, {"item": "8", "count": 8}, {"item": "21", "count": 7}, {"item": "19", "count": 6}, {"item": "43", "count": 5}, {"item": "7", "count": 4}, {"item": "49", "count": 3}, {"item": "14", "count": 2}, {"item": "35", "count": 1}], "smallest": "0"}, "id": 350036267, "position": 34, "format": {"precisionStyle": "standard", "align": "right", "noCommas": "false"}, "renderTypeName": "number", "dataTypeName": "number", "name": "4-BR Units"}, {"fieldName": "_5_br_units", "width": 100, "tableColumnId": 60408434, "description": "5-BR Units are units with 5-bedrooms.", "cachedContents": {"non_null": 3287, "largest": "6", "null": 0, "sum": "64", "average": "0.01947064192272589", "top": [{"item": "0", "count": 20}, {"item": "1", "count": 19}, {"item": "2", "count": 18}, {"item": "5", "count": 17}, {"item": "4", "count": 16}, {"item": "6", "count": 15}], "smallest": "0"}, "id": 350036270, "position": 35, "format": {}, "renderTypeName": "number", "dataTypeName": "number", "name": "5-BR Units"}, {"fieldName": "_6_br_units", "width": 100, "tableColumnId": 60408435, "description": "6-BR+ Units are units with 6-bedrooms or more.", "cachedContents": {"non_null": 3287, "largest": "4", "null": 0, "sum": "18", "average": "0.005476118040766657", "top": [{"item": "0", "count": 20}, {"item": "1", "count": 19}, {"item": "3", "count": 18}, {"item": "4", "count": 17}], "smallest": "0"}, "id": 350036272, "position": 36, "format": {}, "renderTypeName": "number", "dataTypeName": "number", "name": "6-BR+ Units"}, {"fieldName": "unknown_br_units", "width": 100, "tableColumnId": 60408456, "description": "Unknown-BR Units are units with an unknown number of bedrooms.", "cachedContents": {"non_null": 3287, "largest": "536", "null": 0, "sum": "2997", "average": "0.9117736537876483", "top": [{"item": "0", "count": 20}, {"item": "2", "count": 19}, {"item": "1", "count": 18}, {"item": "3", "count": 17}, {"item": "37", "count": 16}, {"item": "4", "count": 15}, {"item": "107", "count": 14}, {"item": "24", "count": 13}, {"item": "269", "count": 12}, {"item": "42", "count": 11}, {"item": "207", "count": 10}, {"item": "252", "count": 9}, {"item": "80", "count": 8}, {"item": "536", "count": 7}, {"item": "147", "count": 6}, {"item": "32", "count": 5}, {"item": "343", "count": 4}, {"item": "422", "count": 3}, {"item": "92", "count": 2}], "smallest": "0"}, "id": 350036275, "position": 37, "format": {}, "renderTypeName": "number", "dataTypeName": "number", "name": "Unknown-BR Units"}, {"fieldName": "counted_rental_units", "width": 340, "tableColumnId": 41431887, "description": "Counted Rental Units are the units in the building, counted toward the Housing New York plan, where assistance has been provided to landlords in exchange for a requirement for affordable units.", "cachedContents": {"non_null": 3287, "largest": "917", "null": 0, "sum": "91625", "average": "27.87496197140249", "top": [{"item": "0", "count": 20}, {"item": "2", "count": 19}, {"item": "3", "count": 18}, {"item": "6", "count": 17}, {"item": "4", "count": 16}, {"item": "5", "count": 15}, {"item": "7", "count": 14}, {"item": "8", "count": 13}, {"item": "10", "count": 12}, {"item": "9", "count": 11}, {"item": "16", "count": 10}, {"item": "12", "count": 9}, {"item": "24", "count": 8}, {"item": "1", "count": 7}, {"item": "20", "count": 6}, {"item": "18", "count": 5}, {"item": "54", "count": 4}, {"item": "11", "count": 3}, {"item": "21", "count": 2}, {"item": "41", "count": 1}], "smallest": "0"}, "id": 350036277, "position": 38, "format": {"precisionStyle": "standard", "align": "right", "noCommas": "false"}, "renderTypeName": "number", "dataTypeName": "number", "name": "Counted Rental Units"}, {"fieldName": "counted_homeownership_units", "width": 424, "tableColumnId": 41431888, "description": "Counted Homeownership Units are the units in the building, counted toward the Housing New York Plan, where assistance has been provided directly to homeowners.", "cachedContents": {"non_null": 3287, "largest": "489", "null": 0, "sum": "18147", "average": "5.520839671432918", "top": [{"item": "0", "count": 20}, {"item": "226", "count": 19}, {"item": "1", "count": 18}, {"item": "2", "count": 17}, {"item": "4", "count": 16}, {"item": "3", "count": 15}, {"item": "72", "count": 14}, {"item": "118", "count": 13}, {"item": "230", "count": 12}, {"item": "9", "count": 11}, {"item": "10", "count": 10}, {"item": "43", "count": 9}, {"item": "135", "count": 8}, {"item": "12", "count": 7}, {"item": "11", "count": 6}, {"item": "8", "count": 5}, {"item": "15", "count": 4}, {"item": "422", "count": 3}, {"item": "17", "count": 2}, {"item": "288", "count": 1}], "smallest": "0"}, "id": 350036280, "position": 39, "format": {"precisionStyle": "standard", "align": "right", "noCommas": "false"}, "renderTypeName": "number", "dataTypeName": "number", "name": "Counted Homeownership Units"}, {"fieldName": "all_counted_units", "width": 304, "tableColumnId": 41431890, "description": "The Counted Units field indicates the total number of affordable units, counted towards the Housing New York plan, that are in the building.", "cachedContents": {"non_null": 3287, "largest": "917", "null": 0, "sum": "109772", "average": "33.39580164283541", "top": [{"item": "1", "count": 20}, {"item": "2", "count": 19}, {"item": "3", "count": 18}, {"item": "6", "count": 17}, {"item": "8", "count": 16}, {"item": "4", "count": 15}, {"item": "5", "count": 14}, {"item": "7", "count": 13}, {"item": "10", "count": 12}, {"item": "9", "count": 11}, {"item": "16", "count": 10}, {"item": "12", "count": 9}, {"item": "20", "count": 8}, {"item": "18", "count": 7}, {"item": "11", "count": 6}, {"item": "0", "count": 5}, {"item": "21", "count": 4}, {"item": "41", "count": 3}, {"item": "31", "count": 2}, {"item": "27", "count": 1}], "smallest": "0"}, "id": 350036282, "position": 40, "format": {"precisionStyle": "standard", "align": "right", "noCommas": "false"}, "renderTypeName": "number", "dataTypeName": "number", "name": "All Counted Units"}, {"fieldName": "total_units", "width": 232, "tableColumnId": 41431892, "description": "The Total Units field indicates the total number of units, affordable and market rate, in each building.", "cachedContents": {"non_null": 3287, "largest": "1175", "null": 0, "sum": "138919", "average": "42.26315789473684", "top": [{"item": "20", "count": 20}, {"item": "10", "count": 19}, {"item": "1", "count": 18}, {"item": "2", "count": 17}, {"item": "3", "count": 16}, {"item": "8", "count": 15}, {"item": "7", "count": 14}, {"item": "6", "count": 13}, {"item": "16", "count": 12}, {"item": "12", "count": 11}, {"item": "9", "count": 10}, {"item": "4", "count": 9}, {"item": "5", "count": 8}, {"item": "18", "count": 7}, {"item": "15", "count": 6}, {"item": "54", "count": 5}, {"item": "21", "count": 4}, {"item": "11", "count": 3}, {"item": "31", "count": 2}, {"item": "17", "count": 1}], "smallest": "1"}, "id": 350036284, "position": 41, "format": {"precisionStyle": "standard", "align": "right", "noCommas": "false"}, "renderTypeName": "number", "dataTypeName": "number", "name": "Total Units"}], "numberOfComments": 0, "viewCount": 10365, "publicationGroup": 13948280, "hideFromDataJson": false, "displayType": "table", "description": "The Department of Housing Preservation and Development (HPD) reports on buildings, units, and projects that began after January 1, 2014 and are counted towards the Housing New York plan. The Housing New York Units by Building file presents this data by building, and includes building-level data, such as house number, street name, BBL, and BIN for each building in a project.  The unit counts are provided by building. For additional documentation, including a data dictionary, review the attachments in the \u201cAbout this Dataset\u201d section of the Primer landing page.", "attribution": "Department of Housing Preservation and Development (HPD)", "averageRating": 0, "tags": ["housing", "hpd", "development", "building"], "owner": {"displayName": "NYC OpenData", "profileImageUrlMedium": "/api/users/5fuc-pqz2/profile_images/THUMB", "flags": ["mayBeStoriesCoOwner"], "screenName": "NYC OpenData", "profileImageUrlLarge": "/api/users/5fuc-pqz2/profile_images/LARGE", "id": "5fuc-pqz2", "type": "interactive", "profileImageUrlSmall": "/api/users/5fuc-pqz2/profile_images/TINY"}, "viewType": "tabular", "totalTimesRated": 0, "tableId": 14940387, "indexUpdatedAt": 1537461090, "tableAuthor": {"displayName": "NYC OpenData", "profileImageUrlMedium": "/api/users/5fuc-pqz2/profile_images/THUMB", "flags": ["mayBeStoriesCoOwner"], "screenName": "NYC OpenData", "profileImageUrlLarge": "/api/users/5fuc-pqz2/profile_images/LARGE", "id": "5fuc-pqz2", "type": "interactive", "profileImageUrlSmall": "/api/users/5fuc-pqz2/profile_images/TINY"}, "rowsUpdatedAt": 1537461079, "createdAt": 1481654647, "newBackend": false, "rowsUpdatedBy": "7pdm-vrjs"}