{"category": "Housing & Development", "viewLastModified": 1537460748, "oid": 28694335, "name": "Housing New York Units by Project", "publicationStage": "published", "rights": ["read"], "metadata": {"availableDisplayTypes": ["table", "fatrow", "page"], "custom_fields": {"Dataset Information": {"Agency": "Department of Housing Preservation and Development (HPD)"}, "Legislative Compliance": {"Geo-coding Attached?": ""}, "Update": {"Update Frequency": "Quarterly", "Date Made Public": "12/20/2016", "Automation": "No"}}, "rowLabel": "Each row in this dataset is an HPD project.", "rdfSubject": "0", "attachments": [{"assetId": "76d1693d-3055-4d27-a8f6-d85e4439f555", "name": "Housing_Production_Open_Data_Documentation.pdf", "filename": "Housing_Production_Open_Data_Documentation.pdf"}], "renderTypeConfig": {"visible": {"table": true}}}, "query": {}, "publicationDate": 1525365961, "provenance": "official", "id": "hq68-rnsi", "downloadCount": 1196, "flags": ["default", "restorable", "restorePossibleForType"], "publicationAppendEnabled": false, "grants": [{"flags": ["public"], "inherited": false, "type": "viewer"}], "hideFromCatalog": false, "columns": [{"fieldName": "project_id", "width": 182, "tableColumnId": 41437502, "description": "The Project ID is a unique numeric identifier assigned to each project by HPD.", "cachedContents": {"non_null": 1625, "largest": "67427", "null": 0, "top": [{"item": "55771", "count": 20}, {"item": "57403", "count": 19}, {"item": "44348", "count": 18}, {"item": "52947", "count": 17}, {"item": "56951", "count": 16}, {"item": "57270", "count": 15}, {"item": "57281", "count": 14}, {"item": "51325", "count": 13}, {"item": "50196", "count": 12}, {"item": "56393", "count": 11}, {"item": "56557", "count": 10}, {"item": "56562", "count": 9}, {"item": "57459", "count": 8}, {"item": "50682", "count": 7}, {"item": "55776", "count": 6}, {"item": "55681", "count": 5}, {"item": "57428", "count": 4}, {"item": "51502", "count": 3}, {"item": "49722", "count": 2}, {"item": "56106", "count": 1}], "smallest": "44225"}, "id": 357954721, "position": 1, "format": {"displayStyle": "plain", "align": "left"}, "renderTypeName": "text", "dataTypeName": "text", "name": "Project ID"}, {"fieldName": "project_name", "width": 287, "tableColumnId": 41437503, "description": "The Project Name is the name assigned to the project by HPD.", "cachedContents": {"non_null": 1625, "largest": "ZEVRONE REALTY HDFC.HPO.FY18", "null": 0, "top": [{"item": "CONFIDENTIAL", "count": 20}, {"item": "Ogden Ave.", "count": 19}, {"item": "Christopher Court", "count": 18}, {"item": "Margarita Santos Apartments HDFC", "count": 17}, {"item": "Logan Plaza", "count": 16}, {"item": "CAMBA. 331 Saratoga Ave. Bergen Saratoga", "count": 15}, {"item": "2120 Mapes Avenue HDFC", "count": 14}, {"item": "1790 Clinton Avenue", "count": 13}, {"item": "3825 AND 3827 THIRD AVENUE", "count": 12}, {"item": "Carnegie Park", "count": 11}, {"item": "CABS Senior Housing (20140198)", "count": 10}, {"item": "Fairmont Place HDFC", "count": 9}, {"item": "El Borinquen II", "count": 8}, {"item": "The Bedford", "count": 7}, {"item": "153 Manhattan Ave HDFC Extended Affordability", "count": 6}, {"item": "THE STACK", "count": 5}, {"item": "Vesta Steinway", "count": 4}, {"item": "Navy Green (Building R2)", "count": 3}, {"item": "TBX902 - Banana Kelly", "count": 2}, {"item": "My Micro NY fka Adapt NYC/Micro Units", "count": 1}], "smallest": "1007 ATLANTIC AVENUE"}, "id": 357954722, "position": 2, "format": {"displayStyle": "plain", "align": "left"}, "renderTypeName": "text", "dataTypeName": "text", "name": "Project Name"}, {"fieldName": "project_start_date", "width": 244, "tableColumnId": 41437504, "description": "The Project Start Date is the date of the project loan or agreement closing.", "cachedContents": {"non_null": 1625, "largest": "2018-06-29T00:00:00", "null": 0, "top": [{"item": "2015-06-30T00:00:00", "count": 20}, {"item": "2014-06-30T00:00:00", "count": 19}, {"item": "2014-06-27T00:00:00", "count": 18}, {"item": "2014-06-26T00:00:00", "count": 17}, {"item": "2014-06-25T00:00:00", "count": 16}, {"item": "2014-03-31T00:00:00", "count": 15}, {"item": "2014-03-11T00:00:00", "count": 14}, {"item": "2014-03-10T00:00:00", "count": 13}, {"item": "2014-03-07T00:00:00", "count": 12}, {"item": "2014-03-06T00:00:00", "count": 11}, {"item": "2014-02-28T00:00:00", "count": 10}, {"item": "2014-02-26T00:00:00", "count": 9}, {"item": "2014-02-25T00:00:00", "count": 8}, {"item": "2014-02-11T00:00:00", "count": 7}, {"item": "2014-02-07T00:00:00", "count": 6}, {"item": "2014-02-06T00:00:00", "count": 5}, {"item": "2014-01-30T00:00:00", "count": 4}, {"item": "2014-01-28T00:00:00", "count": 3}, {"item": "2014-01-22T00:00:00", "count": 2}, {"item": "2014-01-21T00:00:00", "count": 1}], "smallest": "2014-01-03T00:00:00"}, "id": 357954723, "position": 3, "format": {"view": "date", "align": "left"}, "renderTypeName": "calendar_date", "dataTypeName": "calendar_date", "name": "Project Start Date"}, {"fieldName": "project_completion_date", "width": 245, "tableColumnId": 41437505, "description": "The Project Completion Date is the date that the last building in the project was completed. If the project has not yet completed, then the field is blank.", "cachedContents": {"non_null": 1157, "largest": "2018-08-24T00:00:00", "null": 468, "top": [{"item": "2014-06-26T00:00:00", "count": 20}, {"item": "2014-06-25T00:00:00", "count": 19}, {"item": "2014-05-16T00:00:00", "count": 18}, {"item": "2014-05-12T00:00:00", "count": 17}, {"item": "2014-04-11T00:00:00", "count": 16}, {"item": "2014-04-10T00:00:00", "count": 15}, {"item": "2014-03-31T00:00:00", "count": 14}, {"item": "2014-03-11T00:00:00", "count": 13}, {"item": "2014-03-10T00:00:00", "count": 12}, {"item": "2014-03-07T00:00:00", "count": 11}, {"item": "2014-03-06T00:00:00", "count": 10}, {"item": "2014-02-28T00:00:00", "count": 9}, {"item": "2014-02-27T00:00:00", "count": 8}, {"item": "2014-02-26T00:00:00", "count": 7}, {"item": "2014-02-25T00:00:00", "count": 6}, {"item": "2014-02-11T00:00:00", "count": 5}, {"item": "2014-02-06T00:00:00", "count": 4}, {"item": "2014-01-30T00:00:00", "count": 3}, {"item": "2017-04-12T00:00:00", "count": 2}, {"item": "2014-01-28T00:00:00", "count": 1}], "smallest": "2014-01-03T00:00:00"}, "id": 357954724, "position": 4, "format": {"view": "date", "align": "left"}, "renderTypeName": "calendar_date", "dataTypeName": "calendar_date", "name": "Project Completion Date"}, {"fieldName": "extended_affordability_status", "width": 369, "tableColumnId": 41437506, "description": "The Extended Affordability Only field indicates whether the project is considered to be Extended Affordability. An extended affordability project involves no construction, but secures an extended or new regulatory agreement. All extended affordability projects have a \u2018reporting construction type\u2019 of \u2018preservation.\u2019", "cachedContents": {"non_null": 1625, "largest": "Yes", "null": 0, "top": [{"item": "No", "count": 20}, {"item": "Yes", "count": 19}], "smallest": "No"}, "id": 357954725, "position": 5, "format": {"displayStyle": "plain", "align": "left"}, "renderTypeName": "text", "dataTypeName": "text", "name": "Extended Affordability Only"}, {"fieldName": "prevailing_wage_status", "width": 327, "tableColumnId": 41437507, "description": "The Prevailing Wage Status field indicates whether the project is subject to prevailing wage requirements, such as Davis Bacon.", "cachedContents": {"non_null": 1625, "largest": "Prevailing Wage", "null": 0, "top": [{"item": "Non Prevailing Wage", "count": 20}, {"item": "Prevailing Wage", "count": 19}], "smallest": "Non Prevailing Wage"}, "id": 357954726, "position": 6, "format": {"displayStyle": "plain", "align": "left"}, "renderTypeName": "text", "dataTypeName": "text", "name": "Prevailing Wage Status"}, {"fieldName": "planned_tax_benefit", "width": 200, "tableColumnId": 60404226, "description": "The Planned Tax Benefit field indicates the type of tax benefit that is anticipated for the project at the time of the project start. Data on actual/final tax benefits received can only be obtained from the NYC Department of Finance. Note: Planned Tax Benefit data for confidential projects are masked.", "cachedContents": {"non_null": 779, "largest": "UDAAP", "null": 846, "top": [{"item": "Article XI", "count": 20}, {"item": "420c", "count": 19}, {"item": "Article II", "count": 18}, {"item": "421a", "count": 17}, {"item": "J-51 Enriched", "count": 16}, {"item": "UDAAP", "count": 15}, {"item": "J-51", "count": 14}, {"item": "Article V", "count": 13}, {"item": "420a", "count": 12}], "smallest": "420a"}, "id": 357954727, "position": 7, "format": {}, "renderTypeName": "text", "dataTypeName": "text", "name": "Planned Tax Benefit"}, {"fieldName": "extremely_low_income_units", "width": 304, "tableColumnId": 41437508, "description": "Extremely Low Income Units are units with rents that are affordable to households earning 0 to 30% of the area median income (AMI).", "cachedContents": {"non_null": 1625, "largest": "572", "null": 0, "sum": "17770", "average": "10.93538461538462", "top": [{"item": "0", "count": 20}, {"item": "1", "count": 19}, {"item": "8", "count": 18}, {"item": "3", "count": 17}, {"item": "2", "count": 16}, {"item": "15", "count": 15}, {"item": "40", "count": 14}, {"item": "23", "count": 13}, {"item": "16", "count": 12}, {"item": "11", "count": 11}, {"item": "10", "count": 10}, {"item": "60", "count": 9}, {"item": "43", "count": 8}, {"item": "106", "count": 7}, {"item": "20", "count": 6}, {"item": "62", "count": 5}, {"item": "202", "count": 4}, {"item": "5", "count": 3}, {"item": "545", "count": 2}, {"item": "429", "count": 1}], "smallest": "0"}, "id": 357954728, "position": 8, "format": {"precisionStyle": "standard", "align": "right", "noCommas": "false"}, "renderTypeName": "number", "dataTypeName": "number", "name": "Extremely Low Income Units"}, {"fieldName": "very_low_income", "width": 280, "tableColumnId": 41437509, "description": "Very Low Income Units are units with rents that are affordable to households earning 31 to 50% of the area median income (AMI).", "cachedContents": {"non_null": 1625, "largest": "3569", "null": 0, "sum": "25443", "average": "15.65723076923077", "top": [{"item": "16", "count": 20}, {"item": "0", "count": 19}, {"item": "12", "count": 18}, {"item": "1", "count": 17}, {"item": "3", "count": 16}, {"item": "2", "count": 15}, {"item": "8", "count": 14}, {"item": "15", "count": 13}, {"item": "17", "count": 12}, {"item": "26", "count": 11}, {"item": "7", "count": 10}, {"item": "14", "count": 9}, {"item": "20", "count": 8}, {"item": "25", "count": 7}, {"item": "13", "count": 6}, {"item": "18", "count": 5}, {"item": "6", "count": 4}, {"item": "30", "count": 3}, {"item": "48", "count": 2}, {"item": "28", "count": 1}], "smallest": "0"}, "id": 357954729, "position": 9, "format": {"precisionStyle": "standard", "align": "right", "noCommas": "false"}, "renderTypeName": "number", "dataTypeName": "number", "name": "Very Low Income Units"}, {"fieldName": "low_income_units", "width": 292, "tableColumnId": 41437510, "description": "Low Income Units are units with rents that are affordable to households earning 51 to 80% of the area median income (AMI).", "cachedContents": {"non_null": 1625, "largest": "2312", "null": 0, "sum": "49009", "average": "30.15938461538462", "top": [{"item": "6", "count": 20}, {"item": "0", "count": 19}, {"item": "4", "count": 18}, {"item": "2", "count": 17}, {"item": "1", "count": 16}, {"item": "3", "count": 15}, {"item": "10", "count": 14}, {"item": "7", "count": 13}, {"item": "41", "count": 12}, {"item": "22", "count": 11}, {"item": "97", "count": 10}, {"item": "536", "count": 9}, {"item": "72", "count": 8}, {"item": "288", "count": 7}, {"item": "71", "count": 6}, {"item": "90", "count": 5}, {"item": "21", "count": 4}, {"item": "49", "count": 3}, {"item": "85", "count": 2}, {"item": "95", "count": 1}], "smallest": "0"}, "id": 357954730, "position": 10, "format": {"precisionStyle": "standard", "align": "right", "noCommas": "false"}, "renderTypeName": "number", "dataTypeName": "number", "name": "Low Income Units"}, {"fieldName": "moderate_income", "width": 280, "tableColumnId": 41437511, "description": "Moderate Income Units are units with rents that are affordable to households earning 81 to 120% of the area median income (AMI).", "cachedContents": {"non_null": 1625, "largest": "716", "null": 0, "sum": "6653", "average": "4.094153846153846", "top": [{"item": "0", "count": 20}, {"item": "8", "count": 19}, {"item": "1", "count": 18}, {"item": "14", "count": 17}, {"item": "2", "count": 16}, {"item": "3", "count": 15}, {"item": "5", "count": 14}, {"item": "4", "count": 13}, {"item": "6", "count": 12}, {"item": "25", "count": 11}, {"item": "19", "count": 10}, {"item": "9", "count": 9}, {"item": "13", "count": 8}, {"item": "24", "count": 7}, {"item": "11", "count": 6}, {"item": "18", "count": 5}, {"item": "34", "count": 4}, {"item": "26", "count": 3}, {"item": "15", "count": 2}, {"item": "39", "count": 1}], "smallest": "0"}, "id": 357954731, "position": 11, "format": {"precisionStyle": "standard", "align": "right", "noCommas": "false"}, "renderTypeName": "number", "dataTypeName": "number", "name": "Moderate Income Units"}, {"fieldName": "middle_income", "width": 256, "tableColumnId": 41437512, "description": "Middle Income Units are units with rents that are affordable to households earning 121 to 165% of the area median income (AMI).", "cachedContents": {"non_null": 1625, "largest": "4505", "null": 0, "sum": "10357", "average": "6.373538461538462", "top": [{"item": "0", "count": 20}, {"item": "13", "count": 19}, {"item": "1", "count": 18}, {"item": "4", "count": 17}, {"item": "6", "count": 16}, {"item": "3", "count": 15}, {"item": "7", "count": 14}, {"item": "9", "count": 13}, {"item": "5", "count": 12}, {"item": "2", "count": 11}, {"item": "18", "count": 10}, {"item": "17", "count": 9}, {"item": "28", "count": 8}, {"item": "20", "count": 7}, {"item": "103", "count": 6}, {"item": "222", "count": 5}], "smallest": "0"}, "id": 357954733, "position": 12, "format": {"precisionStyle": "standard", "align": "right", "noCommas": "false"}, "renderTypeName": "number", "dataTypeName": "number", "name": "Middle Income Units"}, {"fieldName": "other", "width": 160, "tableColumnId": 41437513, "description": "Other Units are units reserved for building superintendents.", "cachedContents": {"non_null": 1625, "largest": "11", "null": 0, "sum": "540", "average": "0.3323076923076923", "top": [{"item": "1", "count": 20}, {"item": "0", "count": 19}, {"item": "5", "count": 18}, {"item": "3", "count": 17}, {"item": "2", "count": 16}, {"item": "9", "count": 15}, {"item": "6", "count": 14}, {"item": "7", "count": 13}, {"item": "10", "count": 12}, {"item": "8", "count": 11}, {"item": "4", "count": 10}, {"item": "11", "count": 9}], "smallest": "0"}, "id": 357954734, "position": 13, "format": {"precisionStyle": "standard", "align": "right", "noCommas": "false"}, "renderTypeName": "number", "dataTypeName": "number", "name": "Other Income Units"}, {"fieldName": "counted_rental_units", "width": 296, "tableColumnId": 41437514, "description": "Counted Rental Units are the units in the building, counted toward the Housing New York plan, where assistance has been provided to landlords in exchange for a requirement for affordable units.", "cachedContents": {"non_null": 1625, "largest": "5881", "null": 0, "sum": "91625", "average": "56.38461538461538", "top": [{"item": "0", "count": 20}, {"item": "2", "count": 19}, {"item": "3", "count": 18}, {"item": "10", "count": 17}, {"item": "1", "count": 16}, {"item": "86", "count": 15}, {"item": "119", "count": 14}, {"item": "77", "count": 13}, {"item": "160", "count": 12}, {"item": "68", "count": 11}, {"item": "44", "count": 10}, {"item": "41", "count": 9}, {"item": "31", "count": 8}, {"item": "130", "count": 7}, {"item": "80", "count": 6}, {"item": "27", "count": 5}, {"item": "92", "count": 4}, {"item": "111", "count": 3}, {"item": "26", "count": 2}, {"item": "12", "count": 1}], "smallest": "0"}, "id": 357954736, "position": 14, "format": {"precisionStyle": "standard", "align": "right", "noCommas": "false"}, "renderTypeName": "number", "dataTypeName": "number", "name": "Counted Rental Units"}, {"fieldName": "counted_homeownership_units", "width": 335, "tableColumnId": 41437515, "description": "Counted Homeownership Units are the units in the building, counted toward the Housing New York Plan, where assistance has been provided directly to homeowners.", "cachedContents": {"non_null": 1625, "largest": "2189", "null": 0, "sum": "18147", "average": "11.16738461538462", "top": [{"item": "0", "count": 20}, {"item": "1", "count": 19}, {"item": "2", "count": 18}, {"item": "4", "count": 17}, {"item": "3", "count": 16}, {"item": "9", "count": 15}, {"item": "10", "count": 14}, {"item": "13", "count": 13}, {"item": "11", "count": 12}, {"item": "8", "count": 11}, {"item": "15", "count": 10}], "smallest": "0"}, "id": 357954737, "position": 15, "format": {"precisionStyle": "standard", "align": "right", "noCommas": "false"}, "renderTypeName": "number", "dataTypeName": "number", "name": "Counted Homeownership Units"}, {"fieldName": "all_counted_units", "width": 304, "tableColumnId": 41437516, "description": "The Counted Units field indicates the total number of affordable units, counted towards the Housing New York plan, that are in the building.", "cachedContents": {"non_null": 1625, "largest": "5881", "null": 0, "sum": "109772", "average": "67.552", "top": [{"item": "1", "count": 20}, {"item": "2", "count": 19}, {"item": "3", "count": 18}, {"item": "10", "count": 17}, {"item": "86", "count": 16}, {"item": "41", "count": 15}, {"item": "44", "count": 14}, {"item": "160", "count": 13}, {"item": "130", "count": 12}, {"item": "80", "count": 11}, {"item": "29", "count": 10}, {"item": "27", "count": 9}, {"item": "92", "count": 8}, {"item": "111", "count": 7}, {"item": "26", "count": 6}, {"item": "4", "count": 5}, {"item": "12", "count": 4}, {"item": "64", "count": 3}, {"item": "6", "count": 2}, {"item": "84", "count": 1}], "smallest": "1"}, "id": 357954739, "position": 16, "format": {"precisionStyle": "standard", "align": "right", "noCommas": "false"}, "renderTypeName": "number", "dataTypeName": "number", "name": "All Counted Units"}, {"fieldName": "total_units", "width": 232, "tableColumnId": 41437517, "description": "The Total Units field indicates the total number of units, affordable and market rate, in each building.", "cachedContents": {"non_null": 1625, "largest": "5881", "null": 0, "sum": "138919", "average": "85.48861538461538", "top": [{"item": "1", "count": 20}, {"item": "2", "count": 19}, {"item": "3", "count": 18}, {"item": "8", "count": 17}, {"item": "15", "count": 16}, {"item": "86", "count": 15}, {"item": "68", "count": 14}, {"item": "44", "count": 13}, {"item": "41", "count": 12}, {"item": "160", "count": 11}, {"item": "31", "count": 10}, {"item": "130", "count": 9}, {"item": "80", "count": 8}, {"item": "29", "count": 7}, {"item": "27", "count": 6}, {"item": "92", "count": 5}, {"item": "111", "count": 4}, {"item": "26", "count": 3}, {"item": "4", "count": 2}, {"item": "60", "count": 1}], "smallest": "1"}, "id": 357954741, "position": 17, "format": {"precisionStyle": "standard", "align": "right", "noCommas": "false"}, "renderTypeName": "number", "dataTypeName": "number", "name": "Total Units"}, {"fieldName": "senior_units", "width": 244, "tableColumnId": 41437518, "description": "Senior Units are units that are created or preserved for senior households. Senior Units are a subset of the Counted Units in a building, and are also included in the appropriate Extremely Low Income, Low Income, Moderate Income, Middle Income, or Other category.", "cachedContents": {"non_null": 1625, "largest": "291", "null": 0, "sum": "6507", "average": "4.004307692307692", "top": [{"item": "0", "count": 20}, {"item": "121", "count": 19}, {"item": "158", "count": 18}, {"item": "1", "count": 17}, {"item": "88", "count": 16}, {"item": "40", "count": 15}, {"item": "134", "count": 14}, {"item": "70", "count": 13}, {"item": "25", "count": 12}, {"item": "66", "count": 11}, {"item": "182", "count": 10}, {"item": "202", "count": 9}, {"item": "57", "count": 8}, {"item": "93", "count": 7}, {"item": "151", "count": 6}, {"item": "98", "count": 5}, {"item": "181", "count": 4}, {"item": "102", "count": 3}, {"item": "61", "count": 2}, {"item": "52", "count": 1}], "smallest": "0"}, "id": 357954743, "position": 18, "format": {"precisionStyle": "standard", "align": "right", "noCommas": "false"}, "renderTypeName": "number", "dataTypeName": "number", "name": "Senior Units"}], "numberOfComments": 0, "viewCount": 3575, "publicationGroup": 13948508, "hideFromDataJson": false, "displayType": "table", "description": "The Department of Housing Preservation and Development (HPD) reports on buildings, units, and projects that began after January 1, 2014 and are counted towards the Housing New York plan. The Housing New York Units by Project file presents this data by project, and includes project-level data, such as senior units, but does not include building-level data.  The unit counts are provided for each project, rather than by building. For additional documentation, including a data dictionary, review the attachments in the \u201cAbout this Dataset\u201d section of the Primer landing page.", "attribution": "Department of Housing Preservation and Development (HPD)", "averageRating": 0, "tags": ["housing", "hpd", "development", "building"], "owner": {"displayName": "NYC OpenData", "profileImageUrlMedium": "/api/users/5fuc-pqz2/profile_images/THUMB", "flags": ["mayBeStoriesCoOwner"], "screenName": "NYC OpenData", "profileImageUrlLarge": "/api/users/5fuc-pqz2/profile_images/LARGE", "id": "5fuc-pqz2", "type": "interactive", "profileImageUrlSmall": "/api/users/5fuc-pqz2/profile_images/TINY"}, "viewType": "tabular", "totalTimesRated": 0, "tableId": 15133788, "indexUpdatedAt": 1537460772, "tableAuthor": {"displayName": "NYC OpenData", "profileImageUrlMedium": "/api/users/5fuc-pqz2/profile_images/THUMB", "flags": ["mayBeStoriesCoOwner"], "screenName": "NYC OpenData", "profileImageUrlLarge": "/api/users/5fuc-pqz2/profile_images/LARGE", "id": "5fuc-pqz2", "type": "interactive", "profileImageUrlSmall": "/api/users/5fuc-pqz2/profile_images/TINY"}, "rowsUpdatedAt": 1537460753, "createdAt": 1481662136, "newBackend": false, "rowsUpdatedBy": "7pdm-vrjs"}