{"rowsUpdatedAt": 1537913060, "flags": ["default", "restorable", "restorePossibleForType"], "rights": ["read"], "hideFromCatalog": false, "viewCount": 77999, "name": "Index Crimes by County and Agency: Beginning 1990", "id": "ca8h-8gjq", "indexUpdatedAt": 1537913227, "attribution": "New York State Division of Criminal Justice Services", "viewLastModified": 1560189608, "category": "Public Safety", "description": "The Division of Criminal Justice Services (DCJS) collects crime reports from more than 500 New York State police and sheriffs' departments. DCJS compiles these reports as New York's official crime statistics and submits them to the FBI under the National Uniform Crime Reporting (UCR) Program. UCR uses standard offense definitions to count crime in localities across America regardless of variations in crime laws from state to state. In New York State, law enforcement agencies use the UCR system to report their monthly crime totals to DCJS. The UCR reporting system collects information on seven crimes classified as Index offenses which are most commonly used to gauge overall crime volume. These include the violent crimes of murder/non-negligent manslaughter, forcible rape, robbery, and aggravated assault; and the property crimes of burglary, larceny, and motor vehicle theft. Police agencies may experience reporting problems that preclude accurate or complete reporting. The counts represent only crimes reported to the police but not total crimes that occurred.", "publicationAppendEnabled": false, "owner": {"profileImageUrlMedium": "/api/users/xzik-pf59/profile_images/THUMB", "displayName": "NY Open Data", "screenName": "NY Open Data", "type": "interactive", "id": "xzik-pf59", "profileImageUrlLarge": "/api/users/xzik-pf59/profile_images/LARGE", "profileImageUrlSmall": "/api/users/xzik-pf59/profile_images/TINY"}, "columns": [{"format": {"displayStyle": "plain", "align": "left"}, "tableColumnId": 7887736, "width": 123, "description": "Location where the crime was reported.", "renderTypeName": "text", "position": 1, "cachedContents": {"smallest": "Albany", "top": [{"item": "Albany", "count": 20}, {"item": "Allegany", "count": 19}, {"item": "Broome", "count": 18}, {"item": "Cattaraugus", "count": 17}, {"item": "Chautauqua", "count": 16}, {"item": "Chenango", "count": 15}, {"item": "Columbia", "count": 14}, {"item": "Delaware", "count": 13}, {"item": "Dutchess", "count": 12}, {"item": "Erie", "count": 11}, {"item": "Herkimer", "count": 10}, {"item": "Jefferson", "count": 9}, {"item": "Livingston", "count": 8}, {"item": "Madison", "count": 7}, {"item": "Monroe", "count": 6}, {"item": "Nassau", "count": 5}, {"item": "Niagara", "count": 4}, {"item": "Oneida", "count": 3}, {"item": "Onondaga", "count": 2}, {"item": "Orange", "count": 1}], "largest": "Yates", "null": 0, "non_null": 19324}, "id": 376328365, "name": "County", "dataTypeName": "text", "fieldName": "county"}, {"format": {"displayStyle": "plain", "align": "left"}, "tableColumnId": 7887737, "width": 185, "description": "Police Department that reported the crime.", "renderTypeName": "text", "position": 2, "cachedContents": {"smallest": "Adams Vg PD", "top": [{"item": "County Total", "count": 20}, {"item": "Mamaroneck Town PD", "count": 19}, {"item": "Mamaroneck Vg PD", "count": 18}, {"item": "Mount Kisco Vg PD", "count": 17}, {"item": "Mount Pleasant Town PD", "count": 16}, {"item": "Mount Vernon City PD", "count": 15}, {"item": "New Castle Town PD", "count": 14}, {"item": "New Rochelle City PD", "count": 13}, {"item": "North Castle Town PD", "count": 12}, {"item": "Ossining Vg PD", "count": 11}, {"item": "Peekskill City PD", "count": 10}, {"item": "Pelham Manor Vg PD", "count": 9}, {"item": "Pelham Vg PD", "count": 8}, {"item": "Pleasantville Vg PD", "count": 7}, {"item": "Port Chester Vg PD", "count": 6}, {"item": "Rye Brook Vg PD", "count": 5}, {"item": "Rye City PD", "count": 4}, {"item": "Scarsdale Vg PD", "count": 3}, {"item": "Sleepy Hollow Vg PD", "count": 2}, {"item": "Tarrytown Vg PD", "count": 1}], "largest": "Youngstown Vg PD", "null": 0, "non_null": 19324}, "id": 376328366, "name": "Agency", "dataTypeName": "text", "fieldName": "agency"}, {"format": {"noCommas": "true", "align": "center", "precisionStyle": "standard"}, "tableColumnId": 7887738, "width": 109, "description": "Year the crime incident was reported.", "renderTypeName": "number", "position": 3, "cachedContents": {"smallest": "1990", "top": [{"item": "1990", "count": 20}, {"item": "1991", "count": 19}, {"item": "1992", "count": 18}, {"item": "1993", "count": 17}, {"item": "1994", "count": 16}, {"item": "1995", "count": 15}, {"item": "1996", "count": 14}, {"item": "1997", "count": 13}, {"item": "1998", "count": 12}, {"item": "1999", "count": 11}, {"item": "2000", "count": 10}, {"item": "2001", "count": 9}, {"item": "2002", "count": 8}, {"item": "2003", "count": 7}, {"item": "2004", "count": 6}, {"item": "2005", "count": 5}, {"item": "2006", "count": 4}, {"item": "2007", "count": 3}, {"item": "2008", "count": 2}, {"item": "2009", "count": 1}], "non_null": 19324, "sum": "38711366", "average": "2003.279134754709", "largest": "2017", "null": 0}, "id": 376328367, "name": "Year", "dataTypeName": "number", "fieldName": "year"}, {"format": {"noCommas": "false", "align": "right", "precisionStyle": "standard"}, "tableColumnId": 7887739, "width": 184, "description": "Number of months an individual agency reported for the\nyear.", "renderTypeName": "number", "position": 4, "cachedContents": {"smallest": "0", "top": [{"item": "12", "count": 20}, {"item": "0", "count": 19}, {"item": "1", "count": 18}, {"item": "11", "count": 17}, {"item": "2", "count": 16}, {"item": "6", "count": 15}, {"item": "3", "count": 14}, {"item": "5", "count": 13}, {"item": "8", "count": 12}, {"item": "10", "count": 11}, {"item": "9", "count": 10}, {"item": "4", "count": 9}, {"item": "7", "count": 8}], "non_null": 10002, "sum": "117209", "average": "11.71855628874225", "largest": "12", "null": 9322}, "id": 376328368, "name": "Months Reported", "dataTypeName": "number", "fieldName": "months_reported"}, {"format": {"noCommas": "false", "align": "right", "precisionStyle": "standard"}, "tableColumnId": 7887740, "width": 186, "description": "Includes sum of Murder, Rape, Robbery, Aggravated\nAssault, Burglary, Larceny and Motor Vehicle Theft.", "renderTypeName": "number", "position": 5, "cachedContents": {"smallest": "1", "top": [{"item": "1", "count": 20}, {"item": "3", "count": 19}, {"item": "2", "count": 18}, {"item": "209", "count": 17}, {"item": "208", "count": 16}, {"item": "30", "count": 15}, {"item": "42", "count": 14}, {"item": "33", "count": 13}, {"item": "15", "count": 12}, {"item": "28", "count": 11}, {"item": "36", "count": 10}, {"item": "31", "count": 9}, {"item": "24", "count": 8}, {"item": "46", "count": 7}, {"item": "19", "count": 6}, {"item": "25", "count": 5}, {"item": "39", "count": 4}, {"item": "23", "count": 3}, {"item": "16", "count": 2}, {"item": "20", "count": 1}], "non_null": 18935, "sum": "38269201", "average": "2021.082703987325", "largest": "711556", "null": 389}, "id": 376328369, "name": "Index Total", "dataTypeName": "number", "fieldName": "total_index_crimes"}, {"format": {"noCommas": "false", "align": "right", "precisionStyle": "standard"}, "tableColumnId": 7887741, "width": 162, "description": "Subtotal includes Murder, Rape, Robbery and\nAggravated Assault.", "renderTypeName": "number", "position": 6, "cachedContents": {"smallest": "0", "top": [{"item": "0", "count": 20}, {"item": "1", "count": 19}, {"item": "5", "count": 18}, {"item": "3", "count": 17}, {"item": "4", "count": 16}, {"item": "2", "count": 15}, {"item": "6", "count": 14}, {"item": "9", "count": 13}, {"item": "7", "count": 12}, {"item": "11", "count": 11}, {"item": "8", "count": 10}, {"item": "12", "count": 9}, {"item": "10", "count": 8}, {"item": "13", "count": 7}, {"item": "15", "count": 6}, {"item": "14", "count": 5}, {"item": "58", "count": 4}, {"item": "55", "count": 3}, {"item": "30", "count": 2}, {"item": "34", "count": 1}], "non_null": 18935, "sum": "6261601", "average": "330.6892527066279", "largest": "174689", "null": 389}, "id": 376328370, "name": "Violent Total", "dataTypeName": "number", "fieldName": "violent"}, {"format": {"noCommas": "false", "align": "right", "precisionStyle": "standard"}, "tableColumnId": 7887742, "width": 123, "description": "One count per victim. The willful killing of one human\nbeing by another. Excludes deaths caused by negligence,\nsuicide, or justifiable homicides, and attempts to murder,\nwhich are classified as assault.", "renderTypeName": "number", "position": 7, "cachedContents": {"smallest": "0", "top": [{"item": "9", "count": 20}, {"item": "11", "count": 19}, {"item": "8", "count": 18}, {"item": "6", "count": 17}, {"item": "13", "count": 16}, {"item": "7", "count": 15}, {"item": "2", "count": 14}, {"item": "10", "count": 13}, {"item": "5", "count": 12}, {"item": "3", "count": 11}, {"item": "4", "count": 10}, {"item": "0", "count": 9}, {"item": "1", "count": 8}, {"item": "24", "count": 7}, {"item": "18", "count": 6}, {"item": "12", "count": 5}, {"item": "16", "count": 4}, {"item": "15", "count": 3}, {"item": "17", "count": 2}, {"item": "25", "count": 1}], "non_null": 18935, "sum": "65631", "average": "3.466120940058093", "largest": "2245", "null": 389}, "id": 376328371, "name": "Murder", "dataTypeName": "number", "fieldName": "murder"}, {"format": {"noCommas": "false", "align": "right", "precisionStyle": "standard"}, "tableColumnId": 7887743, "width": 161, "description": "One count per victim. Penetration, no matter how slight, of the vagina or anus with any body part or object, or oral penetration by a sex organ of another person, without the consent of the victim.", "renderTypeName": "number", "position": 8, "cachedContents": {"smallest": "0", "top": [{"item": "0", "count": 20}, {"item": "1", "count": 19}, {"item": "2", "count": 18}, {"item": "3", "count": 17}, {"item": "4", "count": 16}, {"item": "6", "count": 15}, {"item": "7", "count": 14}, {"item": "8", "count": 13}, {"item": "9", "count": 12}, {"item": "5", "count": 11}, {"item": "12", "count": 10}, {"item": "11", "count": 9}, {"item": "10", "count": 8}, {"item": "13", "count": 7}, {"item": "15", "count": 6}, {"item": "14", "count": 5}, {"item": "16", "count": 4}, {"item": "17", "count": 3}, {"item": "22", "count": 2}, {"item": "23", "count": 1}], "non_null": 18935, "sum": "240913", "average": "12.72315817269607", "largest": "3125", "null": 389}, "id": 376328372, "name": "Rape", "dataTypeName": "number", "fieldName": "forcible_rape"}, {"format": {"noCommas": "false", "align": "right", "precisionStyle": "standard"}, "tableColumnId": 7887744, "width": 127, "description": "One count per victim. The taking or attempting to take\nanything of value from the care, custody, or control of a\nperson or persons by force or threat of force or violence\nand/or by putting the victim in fear.", "renderTypeName": "number", "position": 9, "cachedContents": {"smallest": "0", "top": [{"item": "0", "count": 20}, {"item": "2", "count": 19}, {"item": "1", "count": 18}, {"item": "9", "count": 17}, {"item": "3", "count": 16}, {"item": "6", "count": 15}, {"item": "5", "count": 14}, {"item": "4", "count": 13}, {"item": "7", "count": 12}, {"item": "10", "count": 11}, {"item": "8", "count": 10}, {"item": "12", "count": 9}, {"item": "11", "count": 8}, {"item": "13", "count": 7}, {"item": "14", "count": 6}, {"item": "15", "count": 5}, {"item": "17", "count": 4}, {"item": "18", "count": 3}, {"item": "31", "count": 2}, {"item": "408", "count": 1}], "non_null": 18935, "sum": "2708661", "average": "143.0504885133351", "largest": "100377", "null": 389}, "id": 376328373, "name": "Robbery", "dataTypeName": "number", "fieldName": "robbery"}, {"format": {"noCommas": "false", "align": "right", "precisionStyle": "standard"}, "tableColumnId": 7887745, "width": 192, "description": "One count per victim. The unlawful attack by one person\nupon another for the purpose of inflicting severe or\naggravated bodily injury. This type of assault is usually\naccompanied by the use of a weapon or by means likely to\nproduce death or great bodily harm, and also includes\nattempts to commit murder.", "renderTypeName": "number", "position": 10, "cachedContents": {"smallest": "0", "top": [{"item": "0", "count": 20}, {"item": "4", "count": 19}, {"item": "5", "count": 18}, {"item": "2", "count": 17}, {"item": "1", "count": 16}, {"item": "3", "count": 15}, {"item": "7", "count": 14}, {"item": "6", "count": 13}, {"item": "11", "count": 12}, {"item": "8", "count": 11}, {"item": "9", "count": 10}, {"item": "14", "count": 9}, {"item": "10", "count": 8}, {"item": "12", "count": 7}, {"item": "13", "count": 6}, {"item": "16", "count": 5}, {"item": "15", "count": 4}, {"item": "30", "count": 3}, {"item": "46", "count": 2}, {"item": "56", "count": 1}], "non_null": 18935, "sum": "3246396", "average": "171.4494850805387", "largest": "68942", "null": 389}, "id": 376328374, "name": "Aggravated Assault", "dataTypeName": "number", "fieldName": "aggravated_assault"}, {"format": {"noCommas": "false", "align": "right", "precisionStyle": "standard"}, "tableColumnId": 7887746, "width": 168, "description": "Subtotal includes Burglary, Larceny and Motor\nVehicle Theft.", "renderTypeName": "number", "position": 11, "cachedContents": {"smallest": "0", "top": [{"item": "1", "count": 20}, {"item": "3", "count": 19}, {"item": "303", "count": 18}, {"item": "2", "count": 17}, {"item": "191", "count": 16}, {"item": "189", "count": 15}, {"item": "170", "count": 14}, {"item": "33", "count": 13}, {"item": "26", "count": 12}, {"item": "32", "count": 11}, {"item": "29", "count": 10}, {"item": "19", "count": 9}, {"item": "36", "count": 8}, {"item": "15", "count": 7}, {"item": "24", "count": 6}, {"item": "35", "count": 5}, {"item": "17", "count": 4}, {"item": "13", "count": 3}, {"item": "23", "count": 2}, {"item": "16", "count": 1}], "non_null": 18935, "sum": "32007600", "average": "1690.393451280697", "largest": "536867", "null": 389}, "id": 376328375, "name": "Property Total", "dataTypeName": "number", "fieldName": "property"}, {"format": {"noCommas": "false", "align": "right", "precisionStyle": "standard"}, "tableColumnId": 7887747, "width": 126, "description": "One count per victim. The unlawful entry of a structure to\ncommit a felony or theft. The use of force to gain entry is\nnot required to classify an offense as Burglary.", "renderTypeName": "number", "position": 12, "cachedContents": {"smallest": "0", "top": [{"item": "0", "count": 20}, {"item": "1", "count": 19}, {"item": "2", "count": 18}, {"item": "3", "count": 17}, {"item": "4", "count": 16}, {"item": "5", "count": 15}, {"item": "6", "count": 14}, {"item": "7", "count": 13}, {"item": "8", "count": 12}, {"item": "14", "count": 11}, {"item": "12", "count": 10}, {"item": "10", "count": 9}, {"item": "11", "count": 8}, {"item": "16", "count": 7}, {"item": "18", "count": 6}, {"item": "78", "count": 5}, {"item": "15", "count": 4}, {"item": "24", "count": 3}, {"item": "13", "count": 2}, {"item": "21", "count": 1}], "non_null": 18935, "sum": "6250370", "average": "330.0961182994455", "largest": "120019", "null": 389}, "id": 376328376, "name": "Burglary", "dataTypeName": "number", "fieldName": "burglary"}, {"format": {"noCommas": "false", "align": "right", "precisionStyle": "standard"}, "tableColumnId": 7887748, "width": 129, "description": "One count per victim. The unlawful taking, carrying,\nleading, or riding away of property from the possession or\nconstructive possession of another. It includes crimes such\nas shoplifting, purse snatching, bicycle thefts, etc., in which\nno use of force, violence, or fraud occurs. This offense\ncategory does not include offenses such as embezzlement,\nforgery, or bad checks.", "renderTypeName": "number", "position": 13, "cachedContents": {"smallest": "0", "top": [{"item": "1", "count": 20}, {"item": "3", "count": 19}, {"item": "2", "count": 18}, {"item": "96", "count": 17}, {"item": "156", "count": 16}, {"item": "20", "count": 15}, {"item": "13", "count": 14}, {"item": "19", "count": 13}, {"item": "21", "count": 12}, {"item": "17", "count": 11}, {"item": "23", "count": 10}, {"item": "33", "count": 9}, {"item": "8", "count": 8}, {"item": "18", "count": 7}, {"item": "10", "count": 6}, {"item": "14", "count": 5}, {"item": "12", "count": 4}, {"item": "15", "count": 3}], "non_null": 18935, "sum": "21906046", "average": "1156.907631370478", "largest": "273176", "null": 389}, "id": 376328377, "name": "Larceny", "dataTypeName": "number", "fieldName": "larceny"}, {"format": {"noCommas": "false", "align": "right", "precisionStyle": "standard"}, "tableColumnId": 7887749, "width": 190, "description": "One count per victim. The theft or attempted theft of a\nmotor vehicle, including automobiles, trucks, buses,\nmotorcycles, and snowmobiles.", "renderTypeName": "number", "position": 14, "cachedContents": {"smallest": "0", "top": [{"item": "0", "count": 20}, {"item": "4", "count": 19}, {"item": "11", "count": 18}, {"item": "2", "count": 17}, {"item": "1", "count": 16}, {"item": "15", "count": 15}, {"item": "3", "count": 14}, {"item": "5", "count": 13}, {"item": "7", "count": 12}, {"item": "9", "count": 11}, {"item": "8", "count": 10}, {"item": "14", "count": 9}, {"item": "10", "count": 8}, {"item": "6", "count": 7}, {"item": "12", "count": 6}, {"item": "13", "count": 5}, {"item": "16", "count": 4}, {"item": "17", "count": 3}, {"item": "18", "count": 2}, {"item": "24", "count": 1}], "non_null": 18935, "sum": "3851184", "average": "203.3897016107737", "largest": "147128", "null": 389}, "id": 376328378, "name": "Motor Vehicle Theft", "dataTypeName": "number", "fieldName": "motor_vehicle_theft"}, {"format": {"displayStyle": "plain", "align": "center"}, "tableColumnId": 32105314, "width": 127, "description": "Region where the crime was reported. Regions include\nNew York City (Bronx, Kings, New York, Queens, and\nRichmond counties) and Non-New York City (all other\ncounties).", "renderTypeName": "text", "position": 15, "cachedContents": {"smallest": "New York City", "top": [{"item": "Non-New York City", "count": 20}, {"item": "New York City", "count": 19}], "largest": "Non-New York City", "null": 0, "non_null": 19324}, "id": 376328379, "name": "Region", "dataTypeName": "text", "fieldName": "region"}], "averageRating": 0, "hideFromDataJson": false, "provenance": "official", "viewType": "tabular", "grants": [{"inherited": false, "flags": ["public"], "type": "viewer"}], "publicationDate": 1537913199, "tableId": 15540626, "tags": ["index crime", "public safety", "ucr"], "publicationGroup": 679970, "totalTimesRated": 0, "tableAuthor": {"profileImageUrlMedium": "/api/users/xzik-pf59/profile_images/THUMB", "displayName": "NY Open Data", "screenName": "NY Open Data", "type": "interactive", "id": "xzik-pf59", "profileImageUrlLarge": "/api/users/xzik-pf59/profile_images/LARGE", "profileImageUrlSmall": "/api/users/xzik-pf59/profile_images/TINY"}, "metadata": {"attachments": [{"filename": "DCJS_IndexCrimesByCountyAndAgency_Overview.pdf", "assetId": "fb749696-4c56-4878-b8bb-6b8326c2ed12", "name": "DCJS_IndexCrimesByCountyAndAgency_Overview.pdf"}, {"filename": "DCJS_IndexCrimesByCountyAndAgency_DataDictionary.pdf", "assetId": "7871239c-774b-4dea-bc69-0595a27738f6", "name": "DCJS_IndexCrimesByCountyAndAgency_DataDictionary.pdf"}], "renderTypeConfig": {"visible": {"table": true}}, "rdfSubject": "0", "availableDisplayTypes": ["table", "fatrow", "page"], "rowLabel": "Row", "custom_fields": {"Local Data": {"County_Column": "county", "County Filter": "Yes"}, "Additional Resources": {"See Also": "http://www.criminaljustice.ny.gov/crimnet/ojsa/indexcrimes/county_totals.htm"}, "Common Core": {"Contact Email": "opendata@its.ny.gov", "Publisher": "State of New York", "Contact Name": "Open Data NY"}, "Notes": {"Notes": "Not all agencies have complete reporting as indicated by the number of months reported (\"Months reported\" column). Due to a system conversion in 2002, number of months reported (\"Months reported\") is not available for any years prior to 2002. Some agencies became obsolete or were newly formed during the reporting period covered.  Agencies may also experience reporting problems that can account for unusual changes in counts over time. Agencies may not have entries for each year due to incomplete reporting, no incidences of index crimes for a particular year or they were not an active agency in that year."}, "Disclaimers": {"Limitations": "Police agencies may experience reporting problems that preclude accurate or complete reporting. The counts represent only crimes reported to the police but not total crimes that occurred. "}, "Dataset Summary": {"Coverage": "Statewide with exceptions", "Posting Frequency": "Annually", "Dataset Owner": "Office of Justice Research and Performance", "Contact Information": "dcjsstats@dcjs.ny.gov", "Units": "Crime Incident or Victim", "Organization": "Office of Justice Research and Performance", "Time Period": "Beginning January 1990", "Data Frequency": "Annually", "Granularity": "Police Department"}, "Dataset Information": {"Agency": "Criminal Justice Services, Division of"}}}, "downloadCount": 4233, "oid": 29771015, "rowsUpdatedBy": "xzik-pf59", "attributionLink": "http://www.criminaljustice.ny.gov/crimnet/ojsa/crimereporting/index.htm", "displayType": "table", "query": {}, "numberOfComments": 0, "createdAt": 1360958783, "publicationStage": "published", "newBackend": true}